<?xml version="1.0" encoding="UTF-8"?>
<Page xmlns="http://digabit.com/documoto/partslist/1.6" xmlns:xs="http://www.w3.org/2001/XMLSchema" hashKey="e92de532-ce47-4432-9c11-85bfb7766bff" pageFile="272070-01_REV_B.svg" tenantKey="ELLIOTT">
  <Translation description="" locale="en" name="PUMP SYSTEM"/>
  <SecondaryPageFile displayOrder="1" fileName="272070-01_REV_B_1.svg"/>
  <SecondaryPageFile displayOrder="2" fileName="272070-01_REV_B_2.svg"/>
  <Part discountedPrice="0.0" instanceId="1" item="1" orderable="true" orderableForPage="true" partNumber="267554-01" partNumberVisible="true" partNumberVisibleForPage="true" quantity="1" retailPrice="0.0" supplierKey="ELLIOTT" unitOfMeasure="EA" wholesalePrice="0.0">
    <Translation description="" locale="en" name="PUMP DRIVE * 700HP/3PAD (70MM) STIEBEL"/>
  </Part>
  <Part discountedPrice="0.0" instanceId="2" item="2" orderable="true" orderableForPage="true" partNumber="237747-03" partNumberVisible="true" partNumberVisibleForPage="true" quantity="1" retailPrice="0.0" supplierKey="ELLIOTT" unitOfMeasure="EA" wholesalePrice="0.0">
    <Translation description="" locale="en" name="ASS’Y TRAVEL PUMP"/>
  </Part>
  <Part discountedPrice="0.0" instanceId="3" item="3" orderable="true" orderableForPage="true" partNumber="258961-02" partNumberVisible="true" partNumberVisibleForPage="true" quantity="1" retailPrice="0.0" supplierKey="ELLIOTT" unitOfMeasure="EA" wholesalePrice="0.0">
    <Translation description="" locale="en" name="ASSY AUX PUMP HYDRAULIC"/>
  </Part>
  <Part discountedPrice="0.0" instanceId="4" item="4" orderable="true" orderableForPage="true" partNumber="247800-03" partNumberVisible="true" partNumberVisibleForPage="true" quantity="1" retailPrice="0.0" supplierKey="ELLIOTT" unitOfMeasure="EA" wholesalePrice="0.0">
    <Translation description="" locale="en" name="ASS’Y FAN PUMP"/>
  </Part>
  <Part discountedPrice="0.0" instanceId="5" item="5" orderable="true" orderableForPage="true" partNumber="237748-03" partNumberVisible="true" partNumberVisibleForPage="true" quantity="1" retailPrice="0.0" supplierKey="ELLIOTT" unitOfMeasure="EA" wholesalePrice="0.0">
    <Translation description="" locale="en" name="ASS’Y SECONDARY CONV. PUMP"/>
  </Part>
  <Part discountedPrice="0.0" instanceId="6" item="6" orderable="true" orderableForPage="true" partNumber="247802-03" partNumberVisible="true" partNumberVisibleForPage="true" quantity="1" retailPrice="0.0" supplierKey="ELLIOTT" unitOfMeasure="EA" wholesalePrice="0.0">
    <Translation description="" locale="en" name="ASS’Y PRIMARY CONV. PUMP"/>
  </Part>
  <Part discountedPrice="0.0" instanceId="7" item="7" orderable="true" orderableForPage="true" partNumber="247703-01" partNumberVisible="true" partNumberVisibleForPage="true" quantity="1" retailPrice="0.0" supplierKey="ELLIOTT" unitOfMeasure="EA" wholesalePrice="0.0">
    <Translation description="" locale="en" name="HYD.CLUTCH DESCH 143/1"/>
  </Part>
  <Part discountedPrice="0.0" instanceId="8" item="8" orderable="true" orderableForPage="true" partNumber="235939-03" partNumberVisible="true" partNumberVisibleForPage="true" quantity="1" retailPrice="0.0" supplierKey="ELLIOTT" unitOfMeasure="EA" wholesalePrice="0.0">
    <Translation description="" locale="en" name="DETAIL - 16” ~ 8 GROOVE SHEAVE"/>
  </Part>
  <Part discountedPrice="0.0" instanceId="9" item="9" orderable="true" orderableForPage="true" partNumber="93068-04" partNumberVisible="true" partNumberVisibleForPage="true" quantity="1" retailPrice="0.0" supplierKey="ELLIOTT" unitOfMeasure="EA" wholesalePrice="0.0">
    <Translation description="" locale="en" name="SPECIAL FITTING RX-500 CLUTCH - 3/8-19 BSPP FM X 6 JIC M 90 DEG."/>
  </Part>
  <Part discountedPrice="0.0" instanceId="10" item="10" orderable="true" orderableForPage="true" partNumber="238868-02" partNumberVisible="true" partNumberVisibleForPage="true" quantity="1" retailPrice="0.0" supplierKey="ELLIOTT" unitOfMeasure="EA" wholesalePrice="0.0">
    <Translation description="" locale="en" name="WLDT-RX-600E CLUTCH HOSE SUPPORT BRKT."/>
  </Part>
  <Part discountedPrice="0.0" instanceId="11" item="11" orderable="true" orderableForPage="true" partNumber="204236-03" partNumberVisible="true" partNumberVisibleForPage="true" quantity="1" retailPrice="0.0" supplierKey="ELLIOTT" unitOfMeasure="EA" wholesalePrice="0.0">
    <Translation description="" locale="en" name="CLUTCH SUPPORT BRACKET"/>
  </Part>
  <Part discountedPrice="0.0" instanceId="12" item="12" orderable="true" orderableForPage="true" partNumber="92779-04" partNumberVisible="true" partNumberVisibleForPage="true" quantity="1" retailPrice="0.0" supplierKey="ELLIOTT" unitOfMeasure="EA" wholesalePrice="0.0">
    <Translation description="" locale="en" name="(A) ROTARY COUPLING R3/8”"/>
  </Part>
  <Part discountedPrice="0.0" instanceId="13" item="13" orderable="true" orderableForPage="true" partNumber="271609-01" partNumberVisible="true" partNumberVisibleForPage="true" quantity="1" retailPrice="0.0" supplierKey="ELLIOTT" unitOfMeasure="EA" wholesalePrice="0.0">
    <Translation description="" locale="en" name="675HP COUPLING W/70 MM DRIVE SHAFT RX"/>
  </Part>
  <Part discountedPrice="0.0" instanceId="14" item="14" orderable="true" orderableForPage="true" partNumber="241752-01" partNumberVisible="true" partNumberVisibleForPage="true" quantity="1" retailPrice="0.0" supplierKey="ELLIOTT" unitOfMeasure="EA" wholesalePrice="0.0">
    <Translation description="" locale="en" name="600 HP CLUTCH PLATE"/>
  </Part>
  <Part discountedPrice="0.0" instanceId="15" item="15" orderable="true" orderableForPage="true" partNumber="1178" partNumberVisible="true" partNumberVisibleForPage="true" quantity="12" retailPrice="0.0" supplierKey="ELLIOTT" unitOfMeasure="EA" wholesalePrice="0.0">
    <Translation description="" locale="en" name="BOLT * HEX M10-1.5 X 30 10.9 933"/>
  </Part>
  <Part discountedPrice="0.0" instanceId="16" item="16" orderable="true" orderableForPage="true" partNumber="1190" partNumberVisible="true" partNumberVisibleForPage="true" quantity="5" retailPrice="0.0" supplierKey="ELLIOTT" unitOfMeasure="EA" wholesalePrice="0.0">
    <Translation description="" locale="en" name="BOLT * HEX M12-1.75 X 40 10.9 933"/>
  </Part>
  <Part discountedPrice="0.0" instanceId="17" item="17" orderable="true" orderableForPage="true" partNumber="92994" partNumberVisible="true" partNumberVisibleForPage="true" quantity="8" retailPrice="0.0" supplierKey="ELLIOTT" unitOfMeasure="EA" wholesalePrice="0.0">
    <Translation description="" locale="en" name="HEX BOLT * M16 X 65 GD.10.9"/>
  </Part>
  <Part discountedPrice="0.0" instanceId="18" item="18" orderable="true" orderableForPage="true" partNumber="83780-04" partNumberVisible="true" partNumberVisibleForPage="true" quantity="12" retailPrice="0.0" supplierKey="ELLIOTT" unitOfMeasure="EA" wholesalePrice="0.0">
    <Translation description="" locale="en" name="BOLT * HEX 7/16”-14 X 1 1/2”"/>
  </Part>
  <Part discountedPrice="0.0" instanceId="19" item="19" orderable="true" orderableForPage="true" partNumber="93144" partNumberVisible="true" partNumberVisibleForPage="true" quantity="10" retailPrice="0.0" supplierKey="ELLIOTT" unitOfMeasure="EA" wholesalePrice="0.0">
    <Translation description="" locale="en" name="BOLT * HEX 1/2”-13 X 1 1/2”"/>
  </Part>
  <Part discountedPrice="0.0" instanceId="20" item="20" orderable="true" orderableForPage="true" partNumber="135396" partNumberVisible="true" partNumberVisibleForPage="true" quantity="8" retailPrice="0.0" supplierKey="ELLIOTT" unitOfMeasure="EA" wholesalePrice="0.0">
    <Translation description="" locale="en" name="SCREW * 1/2-13 X 2 3/4 SOC. HD"/>
  </Part>
  <Part discountedPrice="0.0" instanceId="21" item="21" orderable="true" orderableForPage="true" partNumber="145890" partNumberVisible="true" partNumberVisibleForPage="true" quantity="8" retailPrice="0.0" supplierKey="ELLIOTT" unitOfMeasure="EA" wholesalePrice="0.0">
    <Translation description="" locale="en" name="SOC.HD.BOLT * M16-2 X 75"/>
  </Part>
  <Part discountedPrice="0.0" instanceId="22" item="22" orderable="true" orderableForPage="true" partNumber="245271-04" partNumberVisible="true" partNumberVisibleForPage="true" quantity="12" retailPrice="0.0" supplierKey="ELLIOTT" unitOfMeasure="EA" wholesalePrice="0.0">
    <Translation description="" locale="en" name="WASHER * LOCK 10MM DIN 127"/>
  </Part>
  <Part discountedPrice="0.0" instanceId="23" item="23" orderable="true" orderableForPage="true" partNumber="83756-04" partNumberVisible="true" partNumberVisibleForPage="true" quantity="12" retailPrice="0.0" supplierKey="ELLIOTT" unitOfMeasure="EA" wholesalePrice="0.0">
    <Translation description="" locale="en" name="WASHER * LOCK 7/16” SPRING STEEL"/>
  </Part>
  <Part discountedPrice="0.0" instanceId="24" item="24" orderable="true" orderableForPage="true" partNumber="5708" partNumberVisible="true" partNumberVisibleForPage="true" quantity="8" retailPrice="0.0" supplierKey="ELLIOTT" unitOfMeasure="EA" wholesalePrice="0.0">
    <Translation description="" locale="en" name="WASHER * CONICAL HS16 6796 STEEL"/>
  </Part>
  <Part discountedPrice="0.0" instanceId="25" item="25" orderable="true" orderableForPage="true" partNumber="83781-04" partNumberVisible="true" partNumberVisibleForPage="true" quantity="2" retailPrice="0.0" supplierKey="ELLIOTT" unitOfMeasure="EA" wholesalePrice="0.0">
    <Translation description="" locale="en" name="WASHER * FLAT 1/2” STEEL"/>
  </Part>
  <Part discountedPrice="0.0" instanceId="26" item="26" orderable="true" orderableForPage="true" partNumber="83317" partNumberVisible="true" partNumberVisibleForPage="true" quantity="15" retailPrice="0.0" supplierKey="ELLIOTT" unitOfMeasure="EA" wholesalePrice="0.0">
    <Translation description="" locale="en" name="WASHER * LOCK 1/2” SPRING STEEL"/>
  </Part>
  <Part discountedPrice="0.0" instanceId="27" item="27" orderable="true" orderableForPage="true" partNumber="130862" partNumberVisible="true" partNumberVisibleForPage="true" quantity="1" retailPrice="0.0" supplierKey="ELLIOTT" unitOfMeasure="EA" wholesalePrice="0.0">
    <Translation description="" locale="en" name="CLAMP * 1/2 ASSY."/>
  </Part>
  <Part discountedPrice="0.0" instanceId="28" item="28" orderable="true" orderableForPage="true" partNumber="242256-04" partNumberVisible="true" partNumberVisibleForPage="true" quantity="1" retailPrice="0.0" supplierKey="ELLIOTT" unitOfMeasure="EA" wholesalePrice="0.0">
    <Translation description="" locale="en" name="CLAMP * LOOP 1” OD"/>
  </Part>
  <Part discountedPrice="0.0" instanceId="29" item="29" orderable="true" orderableForPage="true" partNumber="83065" partNumberVisible="true" partNumberVisibleForPage="true" quantity="1" retailPrice="0.0" supplierKey="ELLIOTT" unitOfMeasure="EA" wholesalePrice="0.0">
    <Translation description="" locale="en" name="WASHER * LOCK 1/4” SPRING STEEL"/>
  </Part>
  <Part discountedPrice="0.0" instanceId="30" item="30" orderable="true" orderableForPage="true" partNumber="89988-04" partNumberVisible="true" partNumberVisibleForPage="true" quantity="1" retailPrice="0.0" supplierKey="ELLIOTT" unitOfMeasure="EA" wholesalePrice="0.0">
    <Translation description="" locale="en" name="BOLT * HEX 1/4”-20 X 3/4”"/>
  </Part>
  <Part discountedPrice="0.0" instanceId="31" item="31" orderable="true" orderableForPage="true" partNumber="256509-04" partNumberVisible="true" partNumberVisibleForPage="true" quantity="2" retailPrice="0.0" supplierKey="ELLIOTT" unitOfMeasure="EA" wholesalePrice="0.0">
    <Translation description="" locale="en" name="SHIM * CLUTCH SUPPORT RX-600E"/>
  </Part>
</Page>
